Dates,AAPL,ADBE,AMZN,BA,BLK,CSCO,IBM,JPM,MSFT,NVDA
01-01-2016,105.26,93.94,675.89,144.59,340.52,27.155,137.62,66.03,55.48,32.96
04-01-2016,105.35,91.97,636.99,140.5,333.1,26.41,135.95,63.62,54.8,32.37
05-01-2016,102.71,92.34,633.79,141.07,333.96,26.29,135.85,63.73,55.05,32.89
06-01-2016,100.7,91.02,632.65,138.83,330.16,26.01,135.17,62.81,54.05,31.53
07-01-2016,96.45,89.11,607.94,133.01,315.73,25.41,132.86,60.27,52.17,30.28
08-01-2016,96.96,87.85,607.05,129.99,307.78,24.78,131.63,58.92,52.33,29.63
11-01-2016,98.53,89.38,617.74,130.21,308.32,25.27,133.23,58.83,52.3,29.68
12-01-2016,99.96,89.82,617.89,131.92,313.59,25.35,132.9,58.96,52.78,30.18
13-01-2016,97.39,88.3,581.81,128.12,304.61,24.6,131.17,57.34,51.64,29.26
14-01-2016,99.52,89.8,593.0,129.2,310.0,24.66,132.91,58.2,53.11,28.67
15-01-2016,97.13,89.17,570.18,125.63,296.58,23.62,130.03,57.04,50.99,27.11
18-01-2016,97.13,89.17,570.18,125.63,296.58,23.62,130.03,57.04,50.99,27.11
19-01-2016,96.66,89.18,574.48,126.06,294.0,23.85,128.11,57.01,50.56,27.33
20-01-2016,96.79,87.94,571.77,122.14,292.0,22.9,121.86,55.51,50.79,27.48
21-01-2016,96.3,88.0,575.02,123.4,289.9,22.9,122.91,55.25,50.48,27.8
22-01-2016,101.42,89.63,596.38,124.61,300.56,23.37,122.5,56.95,52.29,28.45
25-01-2016,99.44,86.77,596.53,124.01,289.72,23.17,122.08,55.66,51.79,28.42
26-01-2016,99.99,86.89,601.25,128.01,299.26,23.72,122.59,57.08,52.17,28.7
27-01-2016,93.42,84.85,583.35,116.58,302.12,23.43,120.96,57.04,51.22,28.36
28-01-2016,94.09,84.52,635.35,118.01,299.17,23.105,122.22,57.28,52.055,28.05
29-01-2016,97.34,89.13,587.0,120.13,314.26,23.79,124.79,59.5,55.09,29.29
01-02-2016,96.43,89.61,574.81,121.56,312.25,23.48,124.83,58.86,54.71,29.3
02-02-2016,94.48,87.95,552.1,117.52,301.21,22.83,122.94,57.03,53.0,28.06
03-02-2016,96.35,87.99,531.07,121.87,304.06,23.1,124.72,57.41,52.16,28.2
04-02-2016,96.6,86.36,536.26,123.61,313.7,23.54,127.65,58.4,52.0,28.21
05-02-2016,94.02,79.2,502.13,122.56,307.75,22.89,128.57,57.75,50.16,26.43
08-02-2016,95.01,74.94,488.1,119.47,293.46,22.93,126.98,56.54,49.41,25.22
09-02-2016,94.99,73.85,482.07,118.88,294.53,22.65,124.07,56.2,49.28,25.49
10-02-2016,94.27,75.53,490.48,116.36,298.56,22.51,120.19,55.52,49.71,25.43
11-02-2016,93.7,74.94,503.82,108.44,294.21,24.68,117.85,53.07,49.69,25.3
12-02-2016,93.99,76.67,507.08,108.63,306.8,25.11,121.04,57.49,50.5,25.73
15-02-2016,93.99,76.67,507.08,108.63,306.8,25.11,121.04,57.49,50.5,25.73
16-02-2016,96.64,78.88,521.1,112.6,314.47,25.84,122.74,58.35,51.09,26.99
17-02-2016,98.12,81.85,534.1,116.34,319.88,26.46,126.1,58.77,52.42,27.66
18-02-2016,96.26,80.53,525.0,117.57,315.97,26.43,132.45,57.81,52.19,30.04
19-02-2016,96.04,80.87,534.9,115.16,314.29,26.55,133.08,57.82,51.82,30.44
22-02-2016,96.88,83.8,559.5,117.39,316.45,26.63,133.77,58.57,52.65,31.52
23-02-2016,94.69,83.07,552.94,116.9,309.86,26.12,132.4,56.12,51.18,31.6
24-02-2016,96.1,83.42,554.04,115.59,307.98,26.32,132.8,56.14,51.36,31.82
25-02-2016,96.76,86.68,555.15,116.82,313.62,26.6,134.5,57.01,52.1,31.89
26-02-2016,96.91,86.6,555.23,118.16,313.92,26.41,132.03,57.54,51.3,31.68
29-02-2016,96.69,85.15,552.52,118.18,311.96,26.18,131.03,56.3,50.88,31.36
01-03-2016,100.53,88.37,579.04,119.96,322.57,26.83,134.37,59.2,52.58,32.75
02-03-2016,100.75,88.39,580.21,119.65,326.73,26.9,136.3,59.76,52.95,32.94
03-03-2016,101.5,87.21,577.49,119.61,323.14,26.87,137.8,59.96,52.35,32.65
04-03-2016,103.01,86.18,575.14,121.07,323.76,26.8,137.8,60.05,52.03,32.55
07-03-2016,101.87,85.11,562.8,122.9,326.73,27.14,140.15,59.94,51.03,32.34
08-03-2016,101.03,84.35,560.26,122.35,320.4,27.05,139.07,58.78,51.65,31.75
09-03-2016,101.12,85.27,559.47,122.86,328.31,27.61,140.41,59.12,52.84,31.73
10-03-2016,101.17,84.85,558.93,122.94,324.99,27.38,140.19,58.61,52.05,31.68
11-03-2016,102.26,86.0,569.61,124.63,339.65,27.86,142.36,59.34,53.07,32.22
14-03-2016,102.52,87.01,573.37,126.34,337.82,27.7,142.78,59.12,53.17,32.3
15-03-2016,104.58,86.83,577.02,126.36,334.13,27.66,142.96,59.2,53.59,32.14
16-03-2016,105.97,88.17,574.27,127.57,334.07,27.88,144.79,58.92,54.35,33.1
17-03-2016,105.8,89.96,559.44,130.7,341.94,28.19,147.04,58.75,54.66,32.82
18-03-2016,105.92,93.42,552.08,133.96,342.56,28.33,147.09,60.48,53.49,33.81
21-03-2016,105.91,92.5,553.98,135.86,341.98,28.19,148.63,60.46,53.86,33.91
22-03-2016,106.72,92.56,560.48,135.12,340.22,28.28,148.1,60.24,54.07,33.85
23-03-2016,106.13,92.16,569.63,132.86,339.23,27.83,145.4,59.94,53.97,34.43
24-03-2016,105.67,92.52,582.95,132.12,334.28,27.96,147.95,59.48,54.21,34.48
25-03-2016,105.67,92.52,582.95,132.12,334.28,27.96,147.95,59.48,54.21,34.48
28-03-2016,105.19,92.4,579.87,131.29,336.91,27.9,148.4,59.4,53.54,34.83
29-03-2016,107.68,93.22,593.86,130.88,339.91,28.1,149.33,59.03,54.71,35.39
30-03-2016,109.56,93.78,598.69,128.58,341.37,28.46,148.41,59.71,55.05,35.76
31-03-2016,108.99,93.8,593.64,126.94,340.57,28.47,151.45,59.22,55.23,35.63
01-04-2016,109.99,95.16,598.5,126.96,342.53,28.69,152.52,59.87,55.57,36.15
04-04-2016,111.12,94.5,593.19,126.34,338.52,28.14,152.07,59.2,55.43,35.8
05-04-2016,109.81,94.17,586.14,127.03,334.8,27.58,150.0,58.36,54.56,35.75
06-04-2016,110.96,95.4,602.08,127.93,337.2,28.0,150.02,58.81,55.12,35.8
07-04-2016,108.54,93.78,591.43,127.0,328.37,27.6,148.25,57.32,54.46,35.43
08-04-2016,108.66,94.07,594.6,127.88,331.6,27.69,149.35,57.74,54.42,35.66
11-04-2016,109.02,92.95,595.93,127.91,332.96,27.62,149.25,58.2,54.31,35.88
12-04-2016,110.44,93.42,603.17,129.47,339.31,27.64,149.63,59.28,54.65,35.84
13-04-2016,112.04,94.53,614.82,131.14,348.29,28.23,151.23,61.79,55.35,36.74
14-04-2016,112.1,94.44,620.75,130.85,354.91,28.25,151.16,62.59,55.36,36.84
15-04-2016,109.85,95.16,625.89,131.13,357.74,27.9,151.72,61.87,55.65,37.13
18-04-2016,107.48,96.55,635.35,131.97,358.0,28.19,152.53,62.27,56.46,36.97
19-04-2016,106.91,96.52,627.9,132.68,364.66,28.33,144.0,63.32,56.39,36.31
20-04-2016,107.13,96.33,632.99,130.57,366.92,28.44,146.11,64.24,55.59,36.45
21-04-2016,105.97,96.37,631.0,130.74,364.09,28.24,149.3,63.6,55.78,36.41
22-04-2016,105.68,94.79,620.5,131.05,365.47,28.15,148.5,63.97,51.78,36.27
25-04-2016,105.08,95.8,626.2,130.75,363.66,28.23,148.81,63.6,52.11,36.45
26-04-2016,104.35,96.15,616.88,133.24,365.96,28.45,149.08,63.93,51.44,36.48
27-04-2016,97.82,95.64,606.57,137.08,367.47,28.64,150.47,64.11,50.94,37.31
28-04-2016,94.83,93.64,602.0,134.8,358.83,27.96,147.07,63.6,49.9,36.2
29-04-2016,93.74,94.22,659.59,134.8,356.33,27.49,145.94,63.2,49.87,35.53
02-05-2016,93.64,94.9,683.85,134.01,361.5,27.37,145.27,63.79,50.61,36.0
03-05-2016,95.18,93.66,671.32,132.49,355.69,26.86,144.13,62.56,49.78,35.57
04-05-2016,94.19,92.94,670.9,130.89,352.17,26.44,144.25,61.57,49.87,34.76
05-05-2016,93.24,93.5,659.09,132.08,352.08,26.21,146.47,61.24,49.94,34.97
06-05-2016,92.72,94.3,673.95,133.26,356.01,26.53,147.29,61.6,50.39,35.33
09-05-2016,92.79,94.61,679.75,132.1,355.01,26.51,147.34,61.21,50.07,35.28
10-05-2016,93.42,96.52,703.07,134.72,360.18,27.03,149.97,62.04,51.02,35.96
11-05-2016,92.51,96.1,713.23,133.0,353.82,26.7,148.95,61.81,51.05,36.06
12-05-2016,90.34,95.96,717.93,134.42,355.6,26.67,148.84,61.77,51.51,35.57
13-05-2016,90.52,95.97,709.92,132.12,347.29,26.53,147.72,61.2,51.08,40.98
16-05-2016,93.88,97.23,710.66,134.14,351.83,26.97,149.46,61.66,51.83,42.19
17-05-2016,93.49,95.93,695.27,132.56,348.82,26.65,148.0,61.66,50.51,42.28
18-05-2016,94.56,96.7,697.45,130.99,353.49,26.72,147.34,64.04,50.81,43.36
19-05-2016,94.2,95.88,698.52,128.08,350.57,27.57,144.93,63.39,50.32,43.55
20-05-2016,95.22,96.88,702.8,127.39,354.01,27.97,147.25,63.51,50.62,44.33
23-05-2016,96.43,96.62,696.75,127.58,353.9,27.94,146.77,63.46,50.03,44.4
24-05-2016,97.9,99.63,704.2,127.5,361.18,28.47,148.31,64.54,51.59,45.36
25-05-2016,99.62,99.61,708.35,128.86,364.09,28.92,151.69,65.52,52.12,45.17
26-05-2016,100.41,99.37,714.91,129.31,363.1,28.9,152.44,65.03,51.89,45.65
27-05-2016,100.35,100.14,712.24,129.22,365.09,28.92,152.84,65.43,52.32,45.9
30-05-2016,100.35,100.14,712.24,129.22,365.09,28.92,152.84,65.43,52.32,45.9
31-05-2016,99.86,99.47,722.79,126.15,363.85,29.05,153.74,65.27,53.0,46.72
01-06-2016,98.46,100.04,719.44,126.41,364.59,28.9,152.51,65.69,52.85,46.81
02-06-2016,97.72,100.17,728.24,126.85,361.11,29.08,153.5,65.81,52.48,47.14
03-06-2016,97.92,98.7,725.54,127.38,359.37,29.13,152.89,64.64,51.79,46.48
06-06-2016,98.63,99.12,726.73,131.9,362.06,29.1,152.73,65.28,52.13,46.24
07-06-2016,99.03,98.52,723.74,131.93,359.06,29.07,153.33,65.06,52.1,46.33
08-06-2016,98.94,98.68,726.64,133.0,360.35,29.14,154.0,65.25,52.04,46.18
09-06-2016,99.65,98.07,727.65,133.1,357.96,29.14,153.42,64.75,51.62,47.38
10-06-2016,98.83,97.09,717.91,131.14,346.97,29.03,152.37,63.84,51.48,46.2
13-06-2016,97.34,96.96,715.24,129.92,344.59,28.84,151.28,63.27,50.14,46.79
14-06-2016,97.46,96.98,719.3,130.5,339.79,28.96,151.06,62.08,49.83,46.88
15-06-2016,97.14,97.02,714.26,130.16,339.55,28.65,150.68,61.97,49.69,47.36
16-06-2016,97.55,97.19,717.51,129.37,339.46,28.87,151.06,62.22,50.39,47.55
17-06-2016,95.33,95.58,706.39,129.82,341.88,28.95,151.99,62.28,50.13,46.72
20-06-2016,95.1,97.99,714.01,132.75,348.43,28.8,153.61,62.37,50.07,47.56
21-06-2016,95.91,99.72,715.82,131.52,348.0,28.77,154.05,62.95,51.19,47.27
22-06-2016,95.55,94.01,710.6,131.77,347.67,28.72,152.92,62.71,50.99,47.23
23-06-2016,96.1,96.21,722.08,133.55,356.85,29.22,155.35,64.05,51.91,48.49
24-06-2016,93.4,92.2,698.96,126.52,332.51,27.75,146.59,59.6,49.83,45.73
27-06-2016,92.04,90.85,691.36,122.7,319.54,27.31,143.5,57.61,48.43,45.24
28-06-2016,93.59,92.46,707.95,123.89,323.96,27.79,145.7,59.52,49.44,45.9
29-06-2016,94.4,94.39,715.6,126.99,336.74,28.26,148.46,61.2,50.54,46.65
30-06-2016,95.6,95.79,715.62,129.87,342.53,28.69,151.78,62.14,51.17,47.01
01-07-2016,95.89,95.32,725.68,129.69,341.28,28.8,152.35,61.26,51.16,46.66
04-07-2016,95.89,95.32,725.68,129.69,341.28,28.8,152.35,61.26,51.16,46.66
05-07-2016,94.99,94.73,728.1,126.97,336.08,28.33,151.68,59.55,51.17,47.35
06-07-2016,95.53,95.18,737.61,126.96,336.11,28.72,152.37,60.19,51.38,47.65
07-07-2016,95.94,95.14,736.57,127.17,335.11,28.74,152.6,60.58,51.38,48.89
08-07-2016,96.68,96.79,745.81,130.09,345.2,29.26,154.46,61.83,52.3,50.85
11-07-2016,96.98,97.14,753.78,132.04,347.5,29.43,155.33,62.27,52.59,52.02
12-07-2016,97.42,97.54,748.21,130.81,357.37,29.61,157.04,63.2,53.21,52.8
13-07-2016,96.87,97.34,742.63,130.11,357.5,29.75,158.02,63.16,53.51,52.78
14-07-2016,98.79,97.7,741.2,131.55,355.19,29.76,160.28,64.12,53.74,53.32
15-07-2016,98.78,97.83,735.44,132.39,356.85,29.82,159.78,64.18,53.7,52.7
18-07-2016,99.83,97.79,736.07,133.43,357.78,29.91,159.86,63.96,53.96,52.97
19-07-2016,99.87,97.79,739.95,134.66,356.58,29.92,159.58,63.86,53.09,53.52
20-07-2016,99.96,98.4,745.72,134.72,359.78,30.63,161.36,63.93,55.91,54.22
21-07-2016,99.43,96.34,744.43,133.53,359.5,30.58,160.45,63.69,55.8,53.22
22-07-2016,98.66,98.06,744.86,133.47,363.05,30.71,162.07,64.04,56.57,54.67
25-07-2016,97.34,97.32,739.61,132.94,361.42,30.79,162.65,63.87,56.73,55.68
26-07-2016,96.67,97.91,735.59,134.85,361.93,30.88,162.12,64.13,56.76,56.63
27-07-2016,102.95,97.93,736.67,135.96,363.31,30.76,161.83,64.33,56.19,56.06
28-07-2016,104.34,98.44,752.61,133.01,363.37,30.52,161.37,64.1,56.21,56.18
29-07-2016,104.21,97.86,758.81,133.66,366.25,30.53,160.62,63.97,56.68,57.1
01-08-2016,106.05,97.72,767.74,133.21,368.32,30.73,161.45,63.8,56.58,56.73
02-08-2016,104.48,96.05,760.58,131.6,367.08,30.62,160.58,63.65,56.58,56.04
03-08-2016,105.79,96.67,754.64,131.87,368.16,30.72,160.67,64.66,56.97,56.19
04-08-2016,105.87,97.09,760.77,131.21,366.25,30.8,161.55,64.56,57.39,57.23
05-08-2016,107.48,99.04,765.98,131.73,374.75,31.04,163.5,66.3,57.96,58.2
08-08-2016,108.37,98.49,766.56,132.19,371.69,31.01,162.04,66.1,58.06,58.74
09-08-2016,108.81,98.87,768.31,132.62,368.65,30.94,161.77,65.87,58.2,58.89
10-08-2016,108.0,100.62,768.56,132.28,366.44,30.85,162.08,65.28,58.02,58.51
11-08-2016,107.93,101.67,771.24,133.0,367.39,30.95,163.53,65.46,58.3,59.7
12-08-2016,108.18,101.04,772.56,133.1,366.6,30.87,161.95,65.32,57.94,63.04
15-08-2016,109.48,100.93,768.49,134.66,370.74,31.19,161.88,65.72,58.12,62.98
16-08-2016,109.38,100.6,764.04,135.0,367.07,31.12,160.7,65.71,57.44,62.6
17-08-2016,109.22,99.7,764.63,134.72,370.1,30.72,160.44,65.89,57.56,61.15
18-08-2016,109.08,100.67,764.46,135.0,370.79,30.48,161.36,65.95,57.6,62.1
19-08-2016,109.36,100.32,757.31,134.44,372.05,30.52,160.04,65.86,57.62,62.26
22-08-2016,108.51,100.24,759.48,134.99,371.55,30.63,160.0,65.8,57.67,62.52
23-08-2016,108.85,101.14,762.45,134.14,372.28,30.98,160.26,65.77,57.89,62.91
24-08-2016,108.03,101.14,757.25,133.29,369.12,31.06,159.05,65.95,57.95,61.94
25-08-2016,107.57,101.69,759.22,132.98,368.5,31.29,158.63,66.07,58.17,61.53
26-08-2016,106.94,102.06,769.0,132.23,371.09,31.35,158.32,66.22,58.03,62.03
29-08-2016,106.82,102.3,771.29,132.9,373.8,31.58,159.72,66.95,58.1,61.99
30-08-2016,106.0,102.0,767.58,130.81,376.0,31.54,159.4,67.5,57.89,61.63
31-08-2016,106.1,102.31,769.16,129.45,372.81,31.44,158.88,67.5,57.46,61.34
01-09-2016,106.73,102.9,770.62,129.9,372.17,31.58,159.54,67.21,57.59,63.15
02-09-2016,107.73,103.57,772.44,131.16,373.85,31.83,159.55,67.49,57.67,62.53
05-09-2016,107.73,103.57,772.44,131.16,373.85,31.83,159.55,67.49,57.67,62.53
06-09-2016,107.7,103.5,788.87,132.99,371.59,31.87,160.35,67.44,57.61,63.12
07-09-2016,108.36,103.0,784.48,132.64,373.54,31.79,161.64,67.16,57.66,62.19
08-09-2016,105.52,101.88,784.06,132.9,372.38,31.47,159.0,67.25,57.43,62.64
09-09-2016,103.13,99.38,760.14,128.53,362.18,30.85,155.69,66.65,56.21,59.52
12-09-2016,105.44,100.32,771.49,130.12,368.1,31.44,158.29,67.06,57.05,60.75
13-09-2016,107.95,98.77,761.01,128.76,360.91,31.06,155.81,66.53,56.53,59.87
14-09-2016,111.77,98.79,761.09,127.67,360.7,31.0,154.05,66.4,56.26,60.4
15-09-2016,115.57,99.62,769.69,127.77,365.5,31.31,155.66,66.64,57.19,62.69
16-09-2016,114.92,98.93,778.52,126.7,365.97,30.84,153.84,65.82,57.25,62.84
19-09-2016,113.58,99.68,775.1,127.48,367.96,31.02,154.87,66.19,56.93,63.67
20-09-2016,113.57,100.62,780.22,127.79,365.71,31.1,154.45,66.46,56.81,63.09
21-09-2016,113.55,107.78,789.74,130.56,370.37,31.36,155.53,66.84,57.76,64.86
22-09-2016,114.62,107.92,804.7,131.87,373.87,31.66,156.11,67.39,57.82,65.02
23-09-2016,112.71,107.47,805.75,131.78,365.65,31.34,154.98,67.25,57.43,64.95
26-09-2016,112.88,107.26,799.16,130.57,360.7,31.07,153.98,65.78,56.9,64.34
27-09-2016,113.09,109.7,816.11,131.32,361.79,31.48,156.77,66.36,57.95,66.54
28-09-2016,113.95,109.49,828.72,132.23,361.68,31.5,158.29,66.71,58.03,66.78
29-09-2016,112.18,107.8,829.05,131.03,357.23,31.39,158.11,65.65,57.4,67.4
30-09-2016,113.05,108.54,837.31,131.74,362.46,31.72,158.85,66.59,57.6,68.52
03-10-2016,112.52,108.45,836.74,132.38,360.07,31.5,157.61,66.51,57.42,68.45
04-10-2016,113.0,108.39,834.03,132.25,356.03,31.35,156.46,66.6,57.24,68.3
05-10-2016,113.05,108.8,844.36,134.66,358.24,31.59,157.08,67.69,57.64,68.23
06-10-2016,113.89,108.56,841.66,134.42,356.8,31.48,156.88,67.87,57.74,67.34
07-10-2016,114.06,108.64,839.43,133.85,357.21,31.47,155.67,68.11,57.8,66.85
10-10-2016,116.05,109.24,841.71,135.84,358.8,31.47,157.02,68.64,58.04,67.1
11-10-2016,116.3,107.37,831.0,133.74,351.87,31.04,154.79,68.31,57.19,66.13
12-10-2016,117.34,108.05,834.09,133.16,351.1,30.34,154.29,68.13,57.11,66.43
13-10-2016,116.98,108.01,829.28,133.38,349.34,30.17,153.72,67.74,56.92,65.35
14-10-2016,117.63,107.84,822.96,133.5,354.91,30.18,154.45,67.52,57.42,65.99
17-10-2016,117.55,107.49,812.95,134.0,354.6,30.22,154.77,67.17,57.22,65.61
18-10-2016,117.47,108.42,817.65,135.1,356.59,30.44,150.72,67.7,57.66,66.61
19-10-2016,117.12,108.39,817.69,136.18,352.72,30.35,151.26,68.35,57.53,66.47
20-10-2016,117.06,109.03,810.32,135.84,349.17,30.16,151.52,68.26,57.25,67.73
21-10-2016,116.6,109.03,818.99,135.63,345.55,30.15,149.63,68.49,59.66,67.54
24-10-2016,117.65,110.81,838.09,137.45,343.14,30.46,150.57,68.87,61.0,70.71
25-10-2016,118.25,109.03,835.18,139.02,341.54,30.34,150.88,68.8,60.99,71.87
26-10-2016,115.59,107.97,822.59,145.54,340.15,30.55,151.81,69.13,60.63,72.16
27-10-2016,114.48,107.07,818.36,143.31,340.28,30.38,153.35,69.23,60.1,70.68
28-10-2016,113.72,107.6,776.32,143.01,339.69,30.59,152.61,69.11,59.87,70.56
31-10-2016,113.54,107.51,789.82,142.43,341.24,30.68,153.69,69.26,59.92,71.16
01-11-2016,111.49,106.87,785.41,142.41,340.96,30.48,152.79,68.97,59.8,69.05
02-11-2016,111.59,105.89,765.56,140.75,338.61,30.39,151.95,68.68,59.43,68.76
03-11-2016,109.83,107.17,767.03,140.02,341.14,30.32,152.37,68.38,59.21,67.96
04-11-2016,108.84,106.2,755.05,139.54,345.8,30.19,152.43,67.76,58.71,67.57
07-11-2016,110.41,108.66,784.93,143.03,357.64,30.94,155.72,69.88,60.42,71.27
08-11-2016,111.06,108.39,787.75,142.2,353.49,31.0,155.17,70.03,60.47,71.16
09-11-2016,110.88,107.86,771.88,145.09,364.42,31.36,154.81,73.25,60.17,69.96
10-11-2016,107.79,104.08,742.38,147.69,375.01,31.0,160.22,76.65,58.7,67.77
11-11-2016,108.43,103.68,739.01,148.52,371.19,31.36,161.27,76.69,59.02,87.97
14-11-2016,105.71,102.42,719.07,149.99,373.81,31.37,158.21,79.51,58.12,83.64
15-11-2016,107.11,103.66,743.24,148.11,372.15,31.7,158.67,79.36,58.87,86.19
16-11-2016,109.99,104.08,746.49,146.44,367.45,31.57,159.29,77.4,59.65,91.63
17-11-2016,109.95,105.81,756.4,145.33,371.37,30.05,159.8,78.02,60.64,92.39
18-11-2016,110.06,105.02,760.16,146.35,372.78,30.18,160.39,77.71,60.35,93.36
21-11-2016,111.73,105.65,780.0,147.02,374.57,30.05,162.77,78.05,60.86,92.98
22-11-2016,111.8,105.21,785.33,149.52,373.06,29.89,162.67,78.53,61.12,93.65
23-11-2016,111.23,104.21,780.12,149.74,372.99,29.71,161.98,78.86,60.4,93.97
24-11-2016,111.23,104.21,780.12,149.74,372.99,29.71,161.98,78.86,60.4,93.97
25-11-2016,111.79,105.02,780.37,150.04,373.67,30.09,163.14,78.83,60.53,94.16
28-11-2016,111.57,104.5,766.77,149.77,368.65,29.92,164.52,78.32,60.61,94.11
29-11-2016,111.46,104.95,762.52,151.64,368.55,29.83,163.53,78.92,61.09,93.25
30-11-2016,110.52,102.81,750.57,150.56,370.79,29.82,162.22,80.17,60.26,92.2
01-12-2016,109.49,99.51,743.65,152.39,377.2,29.45,159.82,81.79,59.2,87.64
02-12-2016,109.9,99.73,740.34,152.25,371.36,29.25,160.02,81.6,59.25,88.45
05-12-2016,109.11,101.95,759.36,152.16,374.35,29.53,159.84,83.26,60.22,91.88
06-12-2016,109.95,101.55,764.72,152.24,373.97,29.33,160.35,83.69,59.95,93.39
07-12-2016,111.03,103.36,770.42,154.14,379.81,29.95,164.79,84.07,61.37,95.07
08-12-2016,112.12,103.5,767.33,155.39,390.33,29.95,165.36,85.12,61.01,93.48
09-12-2016,113.95,104.31,768.66,156.49,388.54,30.06,166.52,85.49,61.97,91.82
12-12-2016,113.3,105.16,760.12,157.16,390.28,30.17,165.5,84.73,62.17,89.59
13-12-2016,115.19,106.15,774.34,156.66,392.64,30.59,168.29,84.76,62.98,91.17
14-12-2016,115.19,105.81,768.82,154.47,390.0,30.46,168.51,84.73,62.68,96.45
15-12-2016,115.82,105.1,761.0,153.77,393.75,30.63,168.02,86.0,62.58,98.71
16-12-2016,115.97,103.55,757.77,154.5,392.62,30.59,166.73,84.94,62.3,100.41
19-12-2016,116.64,105.29,766.0,156.18,389.77,30.75,166.68,85.43,63.62,101.63
20-12-2016,116.95,105.77,771.22,156.39,398.45,30.56,167.6,86.53,63.54,105.17
21-12-2016,117.06,105.51,770.6,157.48,393.53,30.42,167.33,86.75,63.54,105.83
22-12-2016,116.29,104.72,766.34,157.46,387.12,30.46,167.06,86.89,63.55,107.11
23-12-2016,116.52,105.02,760.59,157.81,385.74,30.53,166.71,87.05,63.24,109.78
26-12-2016,116.52,105.02,760.59,157.81,385.74,30.53,166.71,87.05,63.24,109.78
27-12-2016,117.26,104.98,771.4,157.48,387.49,30.68,167.14,87.13,63.28,117.32
28-12-2016,116.76,103.77,772.13,156.1,381.03,30.42,166.19,86.5,62.99,109.25
29-12-2016,116.73,103.68,765.15,155.69,379.0,30.46,166.6,85.89,62.9,111.43
30-12-2016,115.82,102.95,749.87,155.68,380.54,30.22,165.99,86.29,62.14,106.74
02-01-2017,115.82,102.95,749.87,155.68,380.54,30.22,165.99,86.29,62.14,106.74
03-01-2017,116.15,103.48,753.67,156.97,386.43,30.54,167.19,87.23,62.58,102.01
04-01-2017,116.02,104.14,757.18,158.62,386.66,30.1,169.26,86.91,62.3,104.39
05-01-2017,116.61,105.91,780.45,158.71,382.54,30.17,168.7,86.11,62.3,101.74
06-01-2017,117.91,108.3,795.99,159.1,384.3,30.23,169.53,86.12,62.84,103.1
09-01-2017,118.99,108.57,796.92,158.32,380.42,30.18,167.65,86.18,62.64,107.28
10-01-2017,119.11,108.26,795.9,159.07,380.31,30.38,165.52,86.43,62.62,106.47
11-01-2017,119.75,108.99,799.02,159.4,380.95,30.15,167.75,87.08,63.19,105.16
12-01-2017,119.25,108.59,813.64,158.29,378.29,30.04,167.95,86.24,62.61,103.44
13-01-2017,119.04,108.53,817.14,158.83,379.35,30.07,167.34,86.7,62.7,103.43
16-01-2017,119.04,108.53,817.14,158.83,379.35,30.07,167.34,86.7,62.7,103.43
17-01-2017,120.0,108.0,809.72,157.67,374.8,29.99,167.89,83.55,62.53,101.11
18-01-2017,119.99,108.79,807.48,158.32,378.0,30.03,166.8,83.94,62.5,102.95
19-01-2017,119.78,109.79,809.04,159.0,377.35,29.98,166.81,83.3,62.3,105.16
20-01-2017,120.0,110.71,808.33,159.53,381.4,30.1,170.55,83.67,62.74,104.01
23-01-2017,120.08,110.97,817.88,157.84,378.06,30.27,171.03,83.71,62.96,105.09
24-01-2017,119.97,113.72,822.44,160.55,381.38,30.6,175.9,84.72,63.52,107.33
25-01-2017,121.88,114.25,836.52,167.36,388.33,30.7,178.29,86.03,63.68,107.79
26-01-2017,121.94,112.88,839.15,169.12,379.42,30.74,178.66,86.75,64.27,109.65
27-01-2017,121.95,113.99,835.77,167.7,375.06,30.98,177.3,86.93,65.78,111.77
30-01-2017,121.63,113.82,830.38,165.57,375.18,30.83,175.8,86.03,65.13,110.02
31-01-2017,121.35,113.38,823.48,163.42,373.98,30.72,174.52,84.63,64.65,109.18
01-02-2017,128.75,113.36,832.35,163.97,373.0,30.5,174.29,84.95,63.58,113.95
02-02-2017,128.53,113.16,839.95,162.26,371.64,31.18,174.58,84.59,63.17,115.39
03-02-2017,129.08,115.17,810.2,162.4,378.0,31.32,175.82,87.18,63.68,114.38
06-02-2017,130.29,114.46,807.64,163.98,377.42,31.3,175.86,86.77,63.64,117.31
07-02-2017,131.53,114.96,812.5,166.5,376.89,31.45,178.46,86.72,63.43,119.13
08-02-2017,132.04,116.13,819.71,163.81,374.56,31.27,176.17,85.96,63.34,118.61
09-02-2017,132.42,116.44,821.36,164.28,378.57,31.5,177.21,87.2,64.06,116.38
10-02-2017,132.12,116.85,827.46,166.23,382.89,31.51,178.68,87.0,64.0,113.62
13-02-2017,133.29,117.65,836.53,168.03,385.83,31.97,179.36,88.15,64.72,108.38
14-02-2017,135.02,117.58,836.39,168.5,384.98,32.31,180.13,89.56,64.57,108.78
15-02-2017,135.51,118.73,842.7,169.3,393.04,32.82,181.68,90.59,64.53,109.0
16-02-2017,135.345,118.93,844.14,170.81,391.97,33.6,181.43,90.53,64.52,107.25
17-02-2017,135.72,119.67,845.07,172.71,388.76,33.74,180.67,90.23,64.62,107.23
20-02-2017,135.72,119.67,845.07,172.71,388.76,33.74,180.67,90.23,64.62,107.23
21-02-2017,136.7,119.63,856.44,175.56,390.1,34.13,180.26,91.01,64.49,111.07
22-02-2017,137.11,119.47,855.61,175.36,390.71,34.09,181.15,91.06,64.36,110.76
23-02-2017,136.53,118.83,852.19,176.86,390.61,34.04,181.65,91.13,64.62,100.49
24-02-2017,136.66,119.31,845.24,177.44,389.16,34.32,181.35,90.33,64.62,101.46
27-02-2017,136.93,118.78,848.64,179.43,391.0,34.26,179.4,90.43,64.23,104.41
28-02-2017,136.99,118.34,845.04,180.23,387.46,34.18,179.82,90.62,63.98,101.48
01-03-2017,139.79,120.35,853.08,183.91,397.81,34.44,181.95,93.6,64.94,102.79
02-03-2017,138.96,119.9,848.91,182.99,391.65,34.39,180.53,92.14,64.01,99.0
03-03-2017,139.78,120.04,849.88,182.18,390.17,34.29,180.05,92.8,64.25,98.43
06-03-2017,139.34,120.15,846.61,180.93,387.66,34.19,180.47,91.92,64.27,97.67
07-03-2017,139.52,119.98,846.02,182.02,385.35,34.2,180.38,91.41,64.4,98.74
08-03-2017,139.0,119.6,850.5,181.74,384.55,34.02,179.45,91.21,64.99,98.56
09-03-2017,138.68,119.91,853.0,180.57,384.27,34.07,177.18,91.57,64.73,98.54
10-03-2017,139.14,121.09,852.46,178.7,384.58,34.26,177.83,91.28,64.93,99.12
13-03-2017,139.2,121.8,854.59,179.05,384.89,34.1,176.46,91.36,64.71,101.85
14-03-2017,138.99,121.44,852.53,178.73,383.29,34.12,175.72,91.51,64.41,101.78
15-03-2017,140.46,122.11,852.97,178.71,388.22,34.24,175.81,91.73,64.75,102.55
16-03-2017,140.69,122.35,853.42,178.19,390.0,34.23,177.24,91.64,64.64,103.81
17-03-2017,139.99,127.01,852.31,180.1,382.85,34.23,175.65,90.68,64.87,106.07
20-03-2017,141.46,126.31,856.97,179.39,380.45,34.28,175.7,90.07,64.93,109.45
21-03-2017,139.84,125.07,843.2,175.96,375.16,33.88,173.88,87.39,64.21,105.91
22-03-2017,141.42,126.21,848.06,176.98,375.47,34.1,174.78,87.53,65.03,108.07
23-03-2017,140.92,126.87,847.38,177.26,375.4,33.96,174.82,87.39,64.87,107.09
24-03-2017,140.64,127.7,845.61,175.82,374.41,34.08,173.83,87.29,64.98,107.47
27-03-2017,140.88,128.25,846.82,176.1,375.0,33.99,173.77,87.24,65.1,108.25
28-03-2017,143.8,128.69,856.0,177.36,380.63,34.02,174.51,88.6,65.29,107.69
29-03-2017,144.12,129.58,874.32,177.63,379.41,33.74,173.94,88.27,65.47,107.34
30-03-2017,143.93,129.61,876.34,177.98,383.04,33.74,173.86,89.03,65.71,109.4
31-03-2017,143.66,130.13,886.54,176.86,383.51,33.8,174.14,87.84,65.86,108.93
03-04-2017,143.7,129.59,891.51,176.65,382.09,33.58,174.5,87.52,65.55,108.38
04-04-2017,144.77,130.04,906.83,178.7,380.8,33.41,174.52,87.31,65.73,100.78
05-04-2017,144.02,129.89,909.28,177.08,380.91,33.0,172.88,86.19,65.56,100.03
06-04-2017,143.66,130.15,898.28,177.37,384.1,33.08,172.45,86.48,65.73,100.76
07-04-2017,143.34,130.22,894.88,178.85,386.02,32.96,172.14,86.18,65.68,100.33
10-04-2017,143.17,130.16,907.04,177.56,385.89,33.01,171.2,85.88,65.53,97.77
11-04-2017,141.63,129.95,902.36,178.57,384.05,32.92,170.58,85.73,65.48,98.12
12-04-2017,141.8,129.38,896.23,176.05,381.44,32.62,170.66,85.4,65.23,97.31
13-04-2017,141.05,129.05,884.67,175.62,379.0,32.42,169.53,84.4,64.95,95.49
14-04-2017,141.05,129.05,884.67,175.62,379.0,32.42,169.53,84.4,64.95,95.49
17-04-2017,141.83,129.99,901.99,179.02,383.8,32.61,171.1,85.86,65.48,99.23
18-04-2017,141.2,129.81,903.78,177.85,383.61,32.67,170.05,85.16,65.39,99.29
19-04-2017,140.68,130.22,899.2,178.4,377.1,32.65,161.69,84.46,65.04,99.68
20-04-2017,142.44,131.42,902.06,179.3,381.59,32.83,162.3,85.55,65.5,101.26
21-04-2017,142.27,131.52,898.53,180.38,378.06,32.82,160.38,84.52,66.4,101.68
24-04-2017,143.64,132.89,907.41,182.06,386.65,33.28,160.75,87.5,67.53,102.95
25-04-2017,144.53,133.49,907.62,183.51,388.19,33.42,160.39,88.26,67.92,104.74
26-04-2017,143.68,132.79,909.29,181.71,388.87,33.4,160.06,88.43,67.83,104.02
27-04-2017,143.79,133.38,918.38,183.22,390.71,33.75,160.32,87.61,68.27,105.64
28-04-2017,143.65,133.74,924.99,184.83,384.57,34.07,160.29,87.0,68.46,104.3
01-05-2017,146.58,135.11,948.23,182.39,383.0,33.97,158.84,87.06,69.41,106.64
02-05-2017,147.51,135.0,946.94,183.44,384.5,34.24,159.1,86.5,69.3,103.48
03-05-2017,147.06,134.85,941.03,183.39,384.29,34.25,158.63,87.0,69.08,104.25
04-05-2017,146.53,134.61,937.53,183.07,383.31,34.18,159.05,87.1,68.81,103.85
05-05-2017,148.96,134.84,934.15,185.01,383.76,34.39,155.05,87.0,69.0,103.86
08-05-2017,153.01,135.12,949.04,186.02,382.38,34.29,153.03,87.1,68.94,102.77
09-05-2017,153.99,135.6,952.82,186.91,380.5,33.9,152.11,86.75,69.04,102.94
10-05-2017,153.26,136.15,948.95,183.18,382.27,33.74,151.25,87.43,69.31,121.29
11-05-2017,153.95,136.29,947.62,183.94,382.87,33.63,150.65,87.16,68.46,126.5
12-05-2017,156.1,136.84,961.35,183.25,385.12,33.45,150.37,86.92,68.38,127.89
15-05-2017,155.7,137.6,957.97,182.39,389.36,34.23,151.51,87.34,68.43,134.31
16-05-2017,155.47,138.03,966.07,182.7,391.3,34.3,153.68,87.61,69.41,136.81
17-05-2017,150.25,134.33,944.76,178.78,383.67,33.82,150.93,84.27,67.48,127.72
18-05-2017,152.54,134.54,958.49,177.4,388.48,31.38,150.78,83.96,67.71,133.07
19-05-2017,153.06,136.43,959.84,180.76,393.32,31.21,151.98,84.78,67.69,136.0
22-05-2017,153.99,138.86,970.67,183.67,396.28,31.59,152.64,84.7,68.45,138.9
23-05-2017,153.8,139.52,971.54,183.49,395.97,31.76,152.03,85.76,68.68,137.03
24-05-2017,153.34,141.12,980.35,185.25,396.31,31.49,152.51,85.71,68.77,138.57
25-05-2017,153.87,142.85,993.38,187.07,406.36,31.44,153.2,85.35,69.62,138.26
26-05-2017,153.61,141.89,995.78,186.59,407.02,31.5,152.49,85.36,69.96,141.84
29-05-2017,153.61,141.89,995.78,186.59,407.02,31.5,152.49,85.36,69.96,141.84
30-05-2017,153.67,142.41,996.7,186.88,406.82,31.68,151.73,83.9,70.41,144.87
31-05-2017,152.76,141.86,994.62,187.63,409.24,31.53,152.63,82.15,69.84,144.35
01-06-2017,153.18,141.38,995.95,187.32,413.38,31.82,152.67,83.06,70.1,144.36
02-06-2017,155.45,143.48,1006.73,190.23,414.71,31.98,152.05,82.64,71.76,143.64
05-06-2017,153.93,143.59,1011.34,188.95,414.22,31.76,152.41,82.79,72.28,148.01
06-06-2017,154.45,143.03,1003.0,186.75,413.83,31.56,152.37,82.96,72.52,147.34
07-06-2017,155.37,143.62,1010.07,188.1,413.8,31.61,150.98,83.91,72.39,149.12
08-06-2017,154.99,142.63,1010.27,189.93,415.23,31.61,152.1,84.95,71.95,159.94
09-06-2017,148.98,138.05,978.31,190.03,418.5,31.37,154.1,86.96,70.32,149.6
12-06-2017,145.42,137.25,964.91,190.0,418.31,31.25,155.18,86.98,69.78,149.97
13-06-2017,146.59,139.09,980.79,191.09,419.31,31.7,154.25,87.27,70.65,151.4
14-06-2017,145.16,138.25,976.47,192.38,421.49,31.6,153.81,87.09,70.27,151.72
15-06-2017,144.29,137.52,964.17,195.45,422.37,31.58,154.22,86.57,69.9,152.37
16-06-2017,142.27,137.84,987.71,196.44,420.51,31.63,155.38,86.18,70.0,151.62
19-06-2017,146.34,140.35,995.17,199.08,428.38,31.99,154.84,88.07,70.87,157.32
20-06-2017,145.01,140.91,992.59,198.33,424.69,31.85,154.95,87.52,69.91,157.09
21-06-2017,145.87,144.24,1002.23,199.17,420.74,31.84,153.79,87.12,70.27,159.47
22-06-2017,145.63,143.69,1001.3,199.44,423.17,31.85,154.4,87.02,70.26,158.37
23-06-2017,146.28,145.41,1003.74,202.23,421.62,32.09,154.11,86.86,71.21,153.83
26-06-2017,145.82,144.96,993.98,199.98,424.69,32.24,155.23,87.24,70.53,152.15
27-06-2017,143.73,142.54,976.78,198.89,422.13,31.76,154.75,88.05,69.21,146.58
28-06-2017,145.83,143.81,990.33,199.62,426.85,32.08,155.32,89.82,69.8,151.75
29-06-2017,143.68,141.24,975.93,197.46,423.24,31.41,154.13,91.15,68.49,146.68
30-06-2017,144.02,141.44,968.0,197.75,422.41,31.3,153.83,91.4,68.93,144.56
03-07-2017,143.5,138.41,953.66,198.59,428.82,31.33,155.58,92.75,68.17,139.33
04-07-2017,143.5,138.41,953.66,198.59,428.82,31.33,155.58,92.75,68.17,139.33
05-07-2017,144.09,141.21,971.4,201.81,428.77,31.11,153.67,93.68,69.08,143.05
06-07-2017,142.73,140.75,965.14,201.48,425.19,30.72,152.36,93.38,68.57,143.48
07-07-2017,144.18,142.22,978.76,202.37,432.38,30.9,152.94,93.85,69.46,146.76
10-07-2017,145.06,143.34,996.47,203.96,436.24,30.98,153.42,93.19,69.98,153.7
11-07-2017,145.53,142.93,994.13,206.27,431.91,31.09,153.19,92.83,69.99,155.88
12-07-2017,145.74,145.91,1006.51,206.44,435.29,31.16,153.7,92.51,71.15,162.51
13-07-2017,147.77,145.05,1000.63,206.23,437.88,31.27,153.63,93.1,71.77,160.63
14-07-2017,149.04,146.16,1001.81,208.51,438.34,31.42,154.24,92.25,72.78,164.95
17-07-2017,149.56,146.4,1010.04,209.0,424.63,31.5,153.01,91.39,73.35,164.25
18-07-2017,150.08,147.89,1024.45,208.24,426.88,31.51,154.0,91.07,73.3,165.96
19-07-2017,151.02,148.92,1026.87,210.88,426.46,31.9,147.53,91.2,73.86,165.1
20-07-2017,150.34,149.94,1028.7,210.28,427.28,31.86,147.66,91.2,74.22,167.5
21-07-2017,150.27,149.52,1025.67,212.14,428.65,31.84,147.08,90.89,73.79,168.1
24-07-2017,152.09,149.53,1038.95,212.18,428.32,31.86,145.99,91.28,73.6,166.15
25-07-2017,152.74,148.21,1039.87,212.46,431.35,32.12,146.19,92.8,74.19,165.35
26-07-2017,153.46,149.78,1052.8,233.45,432.71,31.66,145.36,91.93,74.05,167.26
27-07-2017,150.56,146.2,1046.0,241.0,425.51,31.57,145.07,91.55,73.16,161.74
28-07-2017,149.5,146.73,1020.04,241.27,424.0,31.52,144.29,91.28,73.04,164.39
31-07-2017,148.73,146.49,987.78,242.46,426.53,31.45,144.67,91.8,72.7,162.51
01-08-2017,150.05,147.36,996.19,239.44,429.98,31.65,145.3,93.03,72.58,164.49
02-08-2017,157.14,147.13,995.89,237.95,425.55,31.52,144.45,93.11,72.26,164.39
03-08-2017,155.57,147.79,986.92,238.25,426.01,31.56,144.94,92.5,72.15,166.48
04-08-2017,156.39,147.71,987.58,237.71,426.51,31.8,145.16,93.66,72.68,167.21
07-08-2017,158.81,148.44,992.27,240.23,427.87,31.84,143.47,94.02,72.4,172.35
08-08-2017,160.08,147.81,989.84,239.5,428.82,31.67,142.11,93.68,72.79,170.3
09-08-2017,161.06,148.35,982.01,234.31,431.34,31.62,141.77,93.53,72.47,172.11
10-08-2017,155.32,144.92,956.92,232.88,422.69,31.0,141.84,92.19,71.41,164.74
11-08-2017,157.48,146.47,967.99,234.88,424.16,31.47,141.84,91.42,72.5,155.96
14-08-2017,159.85,149.16,983.3,237.15,428.06,31.84,142.32,92.49,73.59,168.4
15-08-2017,161.6,150.36,982.74,239.17,428.25,32.09,142.07,92.73,73.22,166.98
16-08-2017,160.95,151.8,978.18,237.59,427.07,32.34,142.5,92.09,73.65,165.15
17-08-2017,157.86,148.23,960.57,235.59,419.94,31.04,140.7,90.65,72.4,161.47
18-08-2017,157.5,147.97,958.47,235.77,416.55,30.37,139.7,90.74,72.49,161.5
21-08-2017,157.21,149.26,953.29,235.68,415.37,30.68,140.33,90.63,72.15,159.15
22-08-2017,159.78,152.25,966.9,239.75,421.37,31.27,141.01,91.56,73.16,162.55
23-08-2017,159.98,151.1,958.0,238.09,418.07,30.92,142.14,91.67,72.72,165.8
24-08-2017,159.27,150.81,952.45,238.74,415.94,31.24,142.94,91.52,72.69,165.19
25-08-2017,159.86,151.45,945.26,235.89,416.37,31.44,143.74,91.89,72.82,163.81
28-08-2017,161.47,151.79,946.02,237.18,414.34,31.54,142.51,91.6,72.83,164.97
29-08-2017,162.91,152.14,954.06,240.49,414.13,31.48,143.14,91.1,73.05,164.7
30-08-2017,163.35,153.67,967.59,240.46,416.2,31.99,142.56,91.31,74.01,165.68
31-08-2017,164.0,155.16,980.6,239.66,419.01,32.21,143.03,90.89,74.77,169.44
01-09-2017,164.05,155.06,978.25,240.33,421.78,32.3,144.08,91.7,73.94,170.46
04-09-2017,164.05,155.06,978.25,240.33,421.78,32.3,144.08,91.7,73.94,170.46
05-09-2017,162.08,154.28,965.27,237.0,413.65,31.62,143.04,89.51,73.61,165.91
06-09-2017,161.91,153.76,967.8,234.62,412.19,31.87,143.82,90.11,73.4,165.81
07-09-2017,161.26,155.47,979.47,236.31,414.25,31.76,142.9,88.53,74.34,166.58
08-09-2017,158.63,155.34,965.9,238.78,415.95,31.48,142.45,88.42,73.98,163.69
11-09-2017,161.5,156.87,977.96,240.59,424.04,32.19,144.86,89.79,74.76,169.0
12-09-2017,160.86,156.31,982.58,240.58,428.57,32.41,145.76,90.89,74.68,169.61
13-09-2017,159.65,156.24,999.6,241.93,425.52,32.18,145.99,91.15,75.21,170.37
14-09-2017,158.28,154.95,992.21,245.23,425.69,32.19,145.54,90.97,74.77,169.4
15-09-2017,159.88,154.49,986.79,249.0,428.72,32.44,144.82,91.62,75.31,180.11
18-09-2017,158.67,155.77,974.19,253.08,429.44,32.52,144.55,92.92,75.16,187.55
19-09-2017,158.73,156.6,969.86,252.46,432.39,32.49,144.39,93.94,75.44,187.35
20-09-2017,156.07,149.96,973.21,255.46,434.07,32.6,145.88,94.6,74.94,185.84
21-09-2017,153.39,149.3,964.65,256.04,433.63,32.7,145.26,95.03,74.21,180.76
22-09-2017,151.89,148.5,955.1,256.45,435.49,33.37,145.13,94.83,74.41,179.0
25-09-2017,150.55,144.57,939.79,254.32,437.63,33.72,145.87,94.12,73.26,171.0
26-09-2017,153.14,145.4,938.6,253.7,434.4,33.76,146.56,93.7,73.26,171.96
27-09-2017,154.23,146.43,950.87,255.28,438.4,33.48,145.66,95.18,73.85,175.73
28-09-2017,153.28,146.83,956.4,254.27,446.11,33.35,145.66,95.38,73.87,175.68
29-09-2017,154.12,149.18,961.35,254.21,447.09,33.63,145.08,95.51,74.49,178.77
02-10-2017,153.81,147.94,959.19,255.99,449.95,33.75,146.66,96.84,74.61,179.0
03-10-2017,154.48,148.6,957.1,255.46,450.79,33.85,146.78,97.35,74.26,179.37
04-10-2017,153.48,147.95,965.45,255.76,457.91,33.44,146.48,96.36,74.69,180.87
05-10-2017,155.39,150.25,980.85,258.89,464.43,33.59,146.72,97.09,75.97,180.77
06-10-2017,155.3,151.12,989.58,258.58,463.22,33.75,146.48,96.92,76.0,181.3
09-10-2017,155.84,151.5,990.99,258.39,462.45,33.76,147.39,96.41,76.29,185.39
10-10-2017,155.9,152.15,987.2,260.93,465.49,33.55,148.5,97.13,76.29,188.93
11-10-2017,156.55,153.65,995.0,261.44,473.93,33.59,147.62,96.84,76.42,190.94
12-10-2017,156.0,153.61,1000.93,261.91,480.59,33.26,147.03,95.99,77.12,191.03
13-10-2017,156.99,153.93,1002.94,260.74,475.49,33.47,147.1,95.86,77.49,194.59
16-10-2017,159.88,150.46,1006.34,259.75,477.96,33.54,146.83,97.84,77.65,197.93
17-10-2017,160.47,150.38,1009.13,258.62,475.55,33.6,146.54,97.62,77.59,197.75
18-10-2017,159.76,153.0,997.0,260.04,477.5,33.55,159.53,97.99,77.61,197.58
19-10-2017,155.98,171.73,986.61,259.04,476.79,33.75,160.9,98.11,77.91,197.8
20-10-2017,156.25,175.64,982.91,264.75,476.62,34.25,162.07,99.51,78.81,196.9
23-10-2017,156.17,172.16,966.3,262.32,474.39,34.35,159.55,99.34,78.83,196.62
24-10-2017,157.1,171.58,975.9,266.0,473.72,34.58,155.88,100.92,78.86,198.68
25-10-2017,156.41,171.83,972.91,258.42,469.15,34.3,153.5,101.02,78.63,193.66
26-10-2017,157.41,173.75,972.43,259.27,473.48,34.27,153.6,101.74,78.76,195.69
27-10-2017,163.05,177.33,1100.95,256.46,475.13,34.43,153.68,101.77,83.81,201.86
30-10-2017,166.72,176.03,1110.85,259.25,472.29,34.04,154.36,101.41,83.89,203.84
31-10-2017,169.04,175.16,1105.28,257.98,470.83,34.15,154.06,100.61,83.18,206.81
01-11-2017,166.89,176.25,1103.68,258.5,469.29,34.62,154.03,100.92,83.18,207.2
02-11-2017,168.11,180.94,1094.22,262.63,474.92,34.21,153.35,101.59,84.05,205.94
03-11-2017,172.5,182.3,1111.6,261.75,479.11,34.47,151.58,101.41,84.14,208.69
06-11-2017,174.25,180.8,1120.66,264.07,475.61,34.41,150.84,100.78,84.47,209.63
07-11-2017,174.81,180.88,1123.17,266.13,473.37,34.4,151.35,98.75,84.27,212.03
08-11-2017,176.24,184.06,1132.88,265.57,472.2,34.5,151.57,97.64,84.56,209.16
09-11-2017,175.88,181.92,1129.13,262.7,466.6,34.05,150.3,97.63,84.09,205.32
10-11-2017,174.67,181.72,1125.35,260.85,465.83,33.99,149.16,97.51,83.87,216.14
13-11-2017,173.97,181.85,1129.17,262.42,465.11,33.95,148.4,97.86,83.93,212.63
14-11-2017,171.34,181.32,1136.84,261.76,470.45,34.04,148.89,97.27,84.05,214.18
15-11-2017,169.08,180.08,1126.69,262.86,470.5,34.11,147.1,98.19,82.98,209.98
16-11-2017,171.1,182.3,1137.29,263.7,474.02,35.88,149.12,98.47,83.2,211.61
17-11-2017,170.15,182.24,1129.88,262.26,473.99,35.9,148.97,98.14,82.4,211.36
20-11-2017,169.98,182.34,1126.31,264.63,474.77,36.5,150.51,99.01,82.53,214.08
21-11-2017,173.14,184.15,1139.49,266.99,481.36,36.65,151.95,98.93,83.72,216.05
22-11-2017,174.96,182.9,1156.16,265.15,478.94,36.45,151.77,98.64,83.11,214.93
23-11-2017,174.96,182.9,1156.16,265.15,478.94,36.45,151.77,98.64,83.11,214.93
24-11-2017,174.97,184.46,1186.0,265.88,479.74,36.49,151.84,98.32,83.26,216.96
27-11-2017,174.09,185.0,1195.83,265.58,481.96,36.87,151.98,97.93,83.87,214.14
28-11-2017,173.07,185.4,1193.6,267.99,493.06,37.73,152.47,101.36,84.88,210.71
29-11-2017,169.48,176.85,1161.27,269.3,500.82,37.48,153.55,103.73,83.34,196.42
30-11-2017,171.85,181.47,1176.75,276.8,501.19,37.3,153.97,104.52,84.17,200.71
01-12-2017,171.05,179.52,1162.35,271.38,502.08,37.6,154.76,104.79,84.26,197.68
04-12-2017,169.8,168.44,1133.95,277.97,513.5,37.72,156.46,106.95,81.08,186.66
05-12-2017,169.64,167.54,1141.57,275.54,512.12,37.31,155.35,105.72,81.59,187.74
06-12-2017,169.01,173.52,1152.35,278.27,511.82,37.41,154.1,104.93,82.78,189.26
07-12-2017,169.32,174.61,1159.79,281.97,512.41,37.4,153.57,104.62,82.49,191.99
08-12-2017,169.37,173.57,1162.0,285.9,515.49,37.61,154.81,105.93,84.16,191.49
11-12-2017,172.67,174.31,1168.92,283.16,512.13,37.96,155.41,105.62,85.23,194.66
12-12-2017,171.7,172.54,1165.08,289.94,517.73,37.91,156.74,106.85,85.58,190.84
13-12-2017,172.27,176.83,1164.13,291.84,512.55,38.15,153.91,105.51,85.35,186.18
14-12-2017,172.22,175.0,1174.26,293.88,506.75,37.9,154.0,104.66,84.69,186.47
15-12-2017,173.97,177.51,1179.14,293.94,511.87,38.19,152.5,106.14,86.85,191.56
18-12-2017,176.42,176.74,1190.58,296.14,518.86,38.48,153.33,106.96,86.38,197.9
19-12-2017,174.54,174.97,1187.38,297.25,515.82,38.3,153.23,106.51,85.83,196.11
20-12-2017,174.35,174.25,1177.62,297.9,514.55,38.74,152.95,106.14,85.52,196.8
21-12-2017,175.01,174.56,1174.76,295.03,513.59,38.53,151.5,107.83,85.5,195.89
22-12-2017,175.01,175.0,1168.36,295.1,512.12,38.55,152.5,107.45,85.51,195.27
25-12-2017,175.01,175.0,1168.36,295.1,512.12,38.55,152.5,107.45,85.51,195.27
26-12-2017,170.57,174.44,1176.76,295.36,513.72,38.48,152.83,107.02,85.4,197.44
27-12-2017,170.6,175.36,1182.26,295.62,514.32,38.56,153.13,107.22,85.71,197.17
28-12-2017,171.08,175.55,1186.1,296.35,517.98,38.59,154.04,107.79,85.72,197.4
29-12-2017,169.23,175.24,1169.47,294.91,513.71,38.3,153.42,106.94,85.54,193.5
01-01-2018,169.23,175.24,1169.47,294.91,513.71,38.3,153.42,106.94,85.54,193.5
02-01-2018,172.26,177.7,1189.01,296.84,508.97,38.86,154.25,107.95,85.95,199.35
03-01-2018,172.23,181.04,1204.2,297.8,514.34,39.17,158.49,108.06,86.35,212.47
04-01-2018,173.03,183.22,1209.59,296.67,521.13,38.99,161.7,109.04,87.11,213.59
05-01-2018,175.0,185.34,1229.14,308.84,525.57,39.53,162.49,108.34,88.19,215.4
08-01-2018,174.35,185.04,1246.87,310.15,529.49,39.94,163.47,108.5,88.28,222.0
09-01-2018,174.33,186.7,1252.7,318.43,533.94,39.69,163.83,109.05,88.22,221.94
10-01-2018,174.29,187.11,1254.33,320.26,531.57,39.91,164.18,110.25,87.82,223.68
11-01-2018,175.28,188.92,1276.68,328.12,537.92,40.1,164.2,110.84,88.08,224.08
12-01-2018,177.09,195.05,1305.2,336.21,555.53,40.87,163.14,112.67,89.6,222.98
15-01-2018,177.09,195.05,1305.2,336.21,555.53,40.87,163.14,112.67,89.6,222.98
16-01-2018,176.19,192.46,1304.86,335.16,563.0,40.54,163.85,112.27,88.35,220.11
17-01-2018,179.1,196.49,1295.0,351.01,576.51,41.2,168.65,112.99,90.14,224.72
18-01-2018,179.26,196.2,1293.32,340.16,579.22,41.3,169.12,113.26,90.1,224.44
19-01-2018,178.46,195.73,1294.58,337.73,590.26,41.29,162.37,113.01,90.0,230.11
22-01-2018,177.0,197.84,1327.31,338.0,593.26,41.66,162.6,114.33,91.61,233.69
23-01-2018,177.04,200.09,1362.54,335.59,589.68,42.1,166.25,114.21,91.9,238.91
24-01-2018,174.22,197.78,1357.51,334.69,587.67,42.17,165.37,115.67,91.82,235.8
25-01-2018,171.11,197.51,1377.95,343.11,575.5,41.9,165.47,115.7,92.33,236.35
26-01-2018,171.51,201.3,1402.05,343.22,586.8,42.56,167.34,116.32,94.06,243.33
29-01-2018,167.96,198.23,1417.68,340.82,574.42,42.85,166.8,116.2,93.92,246.85
30-01-2018,166.97,196.9,1437.82,337.71,562.29,42.25,163.62,115.11,92.74,242.72
31-01-2018,167.43,199.76,1450.89,354.37,561.8,41.54,163.7,115.67,95.01,245.8
01-02-2018,167.78,199.38,1390.0,356.94,565.19,41.7,162.4,116.87,94.26,240.5
02-02-2018,160.5,195.64,1429.95,348.91,548.32,40.93,159.03,114.28,91.78,233.52
05-02-2018,156.49,190.27,1390.0,328.88,524.97,38.78,152.53,108.8,88.0,213.7
06-02-2018,163.03,194.47,1442.84,340.91,535.22,40.17,155.34,112.11,91.33,225.58
07-02-2018,159.54,192.34,1416.78,348.12,532.26,40.34,153.85,112.87,89.61,228.8
08-02-2018,155.15,185.16,1350.5,329.66,509.38,38.77,147.59,107.88,85.01,217.52
09-02-2018,156.41,187.99,1339.6,332.83,521.51,39.53,149.51,110.04,88.18,232.08
12-02-2018,162.71,192.15,1386.23,343.8,525.38,40.6,151.4,111.74,89.13,228.03
13-02-2018,164.34,193.48,1414.51,343.16,521.27,41.23,150.75,112.43,89.83,232.63
14-02-2018,167.37,197.13,1451.05,344.85,539.94,42.09,154.76,115.03,90.81,241.42
15-02-2018,172.99,202.97,1461.76,356.46,540.65,44.08,156.01,115.51,92.66,246.5
16-02-2018,172.43,201.56,1448.69,355.04,541.1,44.33,156.18,114.68,92.0,243.84
19-02-2018,172.43,201.56,1448.69,355.04,541.1,44.33,156.18,114.68,92.0,243.84
20-02-2018,171.85,202.98,1468.35,353.35,542.6,44.06,155.16,114.71,92.72,249.08
21-02-2018,171.07,202.09,1482.92,352.37,543.56,43.31,153.96,115.19,91.49,241.51
22-02-2018,172.5,202.61,1485.34,355.92,539.53,42.94,153.18,114.98,91.73,242.15
23-02-2018,175.5,209.74,1500.0,356.66,549.75,44.0,155.52,117.31,94.06,245.93
26-02-2018,178.97,212.15,1521.95,363.48,563.97,45.36,158.58,118.77,95.42,246.58
27-02-2018,178.39,208.82,1511.98,364.64,552.77,45.04,156.55,117.36,94.2,246.06
28-02-2018,178.12,209.13,1512.45,362.21,549.43,44.78,155.83,115.5,93.77,242.0
01-03-2018,175.0,206.03,1493.45,349.69,535.58,43.8,153.81,113.43,92.85,232.21
02-03-2018,176.21,209.79,1500.25,344.67,537.58,44.06,154.49,113.32,93.05,236.54
05-03-2018,176.82,211.16,1523.61,352.75,545.26,44.52,156.95,115.06,93.64,235.65
06-03-2018,176.67,212.01,1537.64,348.92,548.66,44.29,155.72,115.16,93.32,242.16
07-03-2018,175.03,216.86,1545.0,347.04,547.43,44.2,158.32,114.73,93.86,241.84
08-03-2018,176.94,216.4,1551.86,348.73,553.39,44.34,156.21,114.74,94.43,241.18
09-03-2018,179.98,221.11,1578.89,354.52,577.18,45.37,159.31,118.04,96.54,245.33
12-03-2018,181.72,220.94,1598.39,344.19,571.79,45.55,160.26,117.66,96.77,249.76
13-03-2018,179.97,219.76,1588.18,338.67,564.06,45.16,159.32,116.25,94.41,247.71
14-03-2018,178.44,218.44,1591.0,330.26,558.96,45.28,158.12,114.95,93.85,248.74
15-03-2018,178.65,218.87,1582.32,329.98,557.93,45.33,159.61,115.24,94.18,249.34
16-03-2018,178.02,225.55,1571.68,330.47,563.66,45.01,160.26,115.44,94.6,250.48
19-03-2018,175.3,222.18,1544.93,331.76,553.83,44.27,157.35,114.53,92.89,241.0
20-03-2018,175.24,229.75,1586.51,337.63,557.52,44.37,156.2,114.64,93.13,249.58
21-03-2018,171.27,226.85,1581.86,337.1,564.16,44.31,156.69,114.74,92.48,248.56
22-03-2018,168.85,220.52,1544.92,319.61,539.42,43.07,152.09,109.95,89.79,241.85
23-03-2018,164.94,215.02,1495.56,321.0,521.13,42.42,148.89,107.01,87.18,232.97
26-03-2018,172.77,228.91,1555.86,328.97,540.72,44.06,153.37,110.31,93.78,244.48
27-03-2018,168.34,213.8,1497.05,321.12,532.11,42.68,151.91,108.17,89.47,225.52
28-03-2018,166.48,212.54,1431.42,320.02,528.03,41.66,152.52,108.0,89.39,221.35
29-03-2018,167.78,216.08,1447.34,327.88,541.72,42.89,153.43,109.97,91.27,231.59
30-03-2018,167.78,216.08,1447.34,327.88,541.72,42.89,153.43,109.97,91.27,231.59
02-04-2018,166.68,212.28,1371.99,322.44,519.0,41.01,150.07,107.85,88.52,221.05
03-04-2018,168.39,215.93,1392.05,330.82,528.73,41.38,149.85,109.33,89.71,225.35
04-04-2018,171.61,225.05,1410.57,327.44,536.31,41.2,154.12,110.99,92.33,226.24
05-04-2018,172.8,223.54,1451.75,336.4,538.4,41.82,154.03,111.88,92.38,221.38
06-04-2018,168.38,218.61,1405.23,326.12,519.92,40.73,150.57,109.09,90.23,214.25
09-04-2018,170.05,219.17,1406.08,322.48,521.14,41.17,152.69,110.4,90.77,215.41
10-04-2018,173.25,224.53,1436.22,334.83,533.96,42.51,155.39,112.51,92.88,227.91
11-04-2018,172.44,223.63,1427.05,327.36,525.31,42.43,155.36,110.62,91.86,226.24
12-04-2018,174.14,226.96,1448.5,337.48,533.01,43.34,158.07,113.37,93.58,234.6
13-04-2018,174.73,224.06,1430.79,329.28,524.77,43.0,156.71,110.3,93.08,231.5
16-04-2018,175.82,226.52,1441.5,331.77,524.85,43.3,157.89,110.21,94.17,231.49
17-04-2018,178.24,231.16,1503.83,336.72,526.84,44.59,160.91,110.21,96.07,237.54
18-04-2018,177.84,231.1,1527.84,341.0,523.22,44.63,148.79,109.32,96.44,236.37
19-04-2018,172.8,227.62,1556.91,340.64,525.06,44.56,147.7,111.72,96.11,229.04
20-04-2018,165.72,225.24,1527.49,338.67,524.42,44.09,144.9,111.47,95.0,228.71
23-04-2018,165.24,225.3,1517.86,338.84,519.85,44.25,145.86,110.93,95.35,223.88
24-04-2018,162.94,217.89,1460.09,329.06,513.7,43.74,145.56,110.41,93.12,221.2
25-04-2018,163.65,217.32,1460.17,342.86,512.22,43.71,145.94,109.99,92.31,216.66
26-04-2018,164.22,221.91,1517.96,342.79,522.72,44.21,146.72,110.1,94.26,225.22
27-04-2018,162.32,221.9,1572.62,340.88,524.65,44.71,146.48,109.4,95.82,226.33
30-04-2018,165.26,221.6,1566.13,333.56,521.5,44.29,144.96,108.78,93.52,224.9
01-05-2018,169.1,224.08,1582.26,329.54,517.97,44.83,145.0,108.78,95.0,227.14
02-05-2018,176.57,221.1,1569.68,324.19,514.79,43.86,142.45,107.92,93.51,226.31
03-05-2018,176.89,226.05,1572.075,330.69,511.67,44.44,141.99,107.24,94.07,232.99
04-05-2018,183.83,228.51,1580.95,334.43,520.4,45.3,143.91,108.43,95.16,239.06
07-05-2018,185.16,230.99,1600.14,340.43,523.6,45.73,143.22,109.37,96.22,248.68
08-05-2018,186.05,234.56,1592.39,338.37,519.93,45.71,143.0,110.99,95.81,250.4
09-05-2018,187.36,239.74,1608.0,344.5,531.35,46.04,142.61,113.41,96.94,255.78
10-05-2018,190.04,241.15,1609.08,344.07,536.26,46.3,144.24,114.29,97.91,260.13
11-05-2018,188.59,241.88,1602.91,342.46,540.43,45.93,144.14,113.86,97.7,254.53
14-05-2018,188.15,238.37,1601.54,344.59,539.76,45.7,144.3,113.9,98.03,255.36
15-05-2018,186.44,236.6,1576.12,342.12,533.21,45.48,143.74,113.03,97.32,245.56
16-05-2018,188.18,237.39,1587.28,340.97,533.9,45.16,144.63,113.34,97.15,246.01
17-05-2018,186.99,236.85,1581.76,344.14,535.58,43.46,144.5,112.96,96.18,247.71
18-05-2018,186.31,238.09,1574.37,351.23,538.49,43.21,144.08,111.13,96.36,245.94
21-05-2018,187.63,238.1,1585.46,363.92,543.48,43.75,145.49,112.15,97.6,244.24
22-05-2018,187.16,238.79,1581.4,355.02,546.88,43.65,145.09,113.01,97.5,242.7
23-05-2018,188.36,243.91,1601.86,359.21,542.66,43.68,144.67,112.49,98.66,247.54
24-05-2018,188.15,245.15,1603.07,359.0,540.83,43.57,144.07,111.23,98.31,247.69
25-05-2018,188.58,243.56,1610.15,360.09,539.61,43.26,143.64,110.66,98.36,249.28
28-05-2018,188.58,243.56,1610.15,360.09,539.61,43.26,143.64,110.66,98.36,249.28
29-05-2018,187.9,242.19,1612.87,352.48,524.26,42.97,141.22,105.93,98.01,248.59
30-05-2018,187.5,247.4,1624.89,358.19,534.29,42.85,142.62,108.35,98.95,252.99
31-05-2018,186.87,249.28,1629.62,352.16,534.23,42.71,141.31,107.01,98.84,252.19
01-06-2018,190.24,251.31,1641.54,356.72,539.06,43.66,141.95,108.4,100.79,257.62
04-06-2018,191.83,253.34,1665.27,360.73,540.67,43.58,143.04,108.45,101.67,264.85
05-06-2018,193.31,252.7,1696.35,360.1,534.38,43.67,143.7,107.84,102.19,265.07
06-06-2018,193.98,253.95,1695.75,371.56,551.86,44.26,144.71,110.36,102.49,265.15
07-06-2018,193.46,247.51,1689.3,368.53,549.14,43.65,145.36,110.8,100.88,262.9
08-06-2018,191.7,251.21,1683.99,369.5,549.41,43.48,146.14,111.11,101.63,262.28
11-06-2018,191.23,251.0,1689.12,370.94,549.06,43.69,146.58,110.83,101.05,260.62
12-06-2018,192.28,252.59,1698.75,370.62,547.11,43.94,146.87,110.19,101.31,262.58
13-06-2018,190.7,256.13,1704.86,363.85,532.17,44.01,146.35,109.97,100.85,262.4
14-06-2018,190.8,258.1,1723.86,362.42,523.36,44.69,145.2,108.03,101.42,266.91
15-06-2018,188.84,251.82,1715.97,357.88,524.52,44.25,145.39,107.9,100.13,265.26
18-06-2018,188.74,255.69,1723.79,354.74,527.54,44.21,144.48,108.18,100.86,265.09
19-06-2018,185.69,251.74,1734.78,341.12,526.61,43.82,143.9,107.55,100.86,260.17
20-06-2018,186.5,251.24,1750.08,342.69,526.58,43.74,142.63,107.54,101.87,262.31
21-06-2018,185.46,248.83,1730.22,337.66,524.98,43.16,141.25,107.51,101.14,257.11
22-06-2018,184.92,243.63,1715.67,338.91,522.74,43.2,141.28,105.75,100.41,250.95
25-06-2018,182.17,239.68,1663.15,331.2,515.14,42.29,138.79,104.79,98.39,239.12
26-06-2018,184.43,242.25,1691.09,331.3,510.85,42.55,139.08,104.86,99.08,241.99
27-06-2018,184.16,237.68,1660.51,329.82,503.53,42.33,137.48,103.24,97.54,235.72
28-06-2018,185.5,239.81,1701.45,334.65,501.77,42.94,140.04,104.93,98.63,240.86
29-06-2018,185.11,243.81,1699.8,335.51,499.04,43.03,139.7,104.2,98.61,236.9
02-07-2018,187.18,243.26,1713.78,336.08,499.52,42.81,139.86,105.08,100.01,242.24
03-07-2018,183.92,242.01,1693.96,332.93,491.29,42.67,139.57,103.61,99.05,236.84
04-07-2018,183.92,242.01,1693.96,332.93,491.29,42.67,139.57,103.61,99.05,236.84
05-07-2018,185.4,244.18,1699.73,333.18,491.98,42.56,141.43,103.72,99.76,242.73
06-07-2018,187.97,248.19,1710.63,334.64,491.69,42.71,142.48,104.06,101.16,247.33
09-07-2018,190.58,249.77,1739.02,341.92,504.1,42.67,144.39,107.28,101.85,249.25
10-07-2018,190.35,248.63,1743.07,347.16,504.93,42.86,144.71,106.62,102.12,253.25
11-07-2018,187.88,248.12,1755.0,340.6,502.9,42.57,144.94,106.39,101.98,247.53
12-07-2018,191.03,254.87,1796.62,346.03,506.67,43.58,146.45,106.85,104.19,251.23
13-07-2018,191.33,258.59,1813.03,350.79,507.09,41.78,145.9,106.36,105.43,249.32
16-07-2018,190.91,254.68,1822.49,356.1,503.96,42.5,145.46,110.58,104.91,248.2
17-07-2018,191.45,258.31,1843.93,356.88,504.88,42.34,143.49,110.5,105.95,253.69
18-07-2018,190.4,259.78,1842.92,360.23,510.85,42.21,144.52,111.53,105.12,251.7
19-07-2018,191.88,257.68,1812.97,355.33,504.89,42.4,149.24,109.89,104.4,252.03
20-07-2018,191.44,257.54,1813.7,354.9,502.78,42.01,146.35,111.28,106.27,250.89
23-07-2018,191.61,259.47,1802.0,353.27,508.51,42.06,145.7,113.35,107.97,249.41
24-07-2018,193.0,257.49,1829.24,358.27,508.89,42.39,146.38,114.15,107.66,248.71
25-07-2018,194.82,263.17,1863.61,355.92,512.49,43.16,146.62,115.18,110.83,251.87
26-07-2018,194.21,261.93,1808.0,359.32,505.11,43.53,146.71,114.85,109.62,254.84
27-07-2018,190.98,254.81,1817.27,360.65,502.92,42.57,145.15,116.03,107.68,252.02
30-07-2018,189.91,242.32,1779.22,351.06,500.18,42.17,145.49,116.73,105.37,244.13
31-07-2018,190.29,244.68,1777.44,356.3,502.76,42.29,144.93,114.95,106.08,244.86
01-08-2018,201.5,248.01,1797.17,352.76,479.45,41.86,143.5,115.66,106.28,246.47
02-08-2018,207.39,252.22,1834.33,349.73,475.31,42.53,142.96,116.15,107.57,250.62
03-08-2018,207.99,253.28,1823.29,348.44,482.4,42.83,147.7,117.09,108.04,252.1
06-08-2018,209.07,254.11,1847.75,346.57,483.46,43.3,146.03,117.12,108.13,254.03
07-08-2018,207.11,253.39,1862.48,350.76,487.46,43.58,147.01,117.55,108.88,256.95
08-08-2018,207.25,253.83,1886.52,347.78,487.05,43.84,146.89,117.79,109.49,258.42
09-08-2018,208.88,253.8,1898.52,343.72,484.1,43.78,144.77,116.88,109.67,256.46
10-08-2018,207.53,253.7,1886.3,339.41,478.95,43.78,144.48,115.73,109.0,254.79
13-08-2018,208.87,253.54,1896.2,338.36,475.39,43.75,142.71,113.89,108.21,256.12
14-08-2018,209.75,256.05,1919.65,339.14,477.21,44.0,143.36,114.65,109.56,261.43
15-08-2018,210.24,250.52,1882.62,331.76,470.82,43.86,143.91,113.7,107.66,259.08
16-08-2018,213.32,248.89,1886.52,345.98,474.61,45.16,145.34,114.77,107.64,257.44
17-08-2018,217.58,245.7,1882.22,346.4,474.15,45.87,146.06,114.77,107.58,244.82
20-08-2018,215.46,249.76,1876.71,350.74,475.56,46.22,146.51,114.62,106.87,247.84
21-08-2018,215.04,251.5,1883.42,353.77,474.93,45.78,145.97,115.32,105.98,253.32
22-08-2018,215.05,255.54,1904.9,350.03,478.02,45.99,145.24,114.97,107.06,262.82
23-08-2018,215.49,257.0,1902.9,347.48,470.46,46.02,145.37,114.73,107.56,266.84
24-08-2018,216.16,261.51,1905.39,349.38,477.51,46.32,146.04,114.68,108.4,272.22
27-08-2018,217.94,262.4,1927.68,353.74,483.61,46.59,146.69,116.71,109.6,275.9
28-08-2018,219.7,263.04,1932.82,351.21,483.35,46.95,146.59,116.14,110.26,274.38
29-08-2018,222.98,268.36,1998.1,350.19,485.22,47.48,147.54,115.76,112.02,278.49
30-08-2018,225.03,266.43,2002.38,346.9,475.27,47.15,145.93,115.19,111.95,277.81
31-08-2018,227.63,263.51,2012.71,342.79,479.06,47.77,146.48,114.58,112.33,280.68
03-09-2018,227.63,263.51,2012.71,342.79,479.06,47.77,146.48,114.58,112.33,280.68
04-09-2018,228.36,266.68,2039.51,346.25,475.78,47.73,145.68,115.15,111.71,283.7
05-09-2018,226.87,256.14,1994.82,346.68,478.24,47.27,146.66,114.59,108.49,278.42
06-09-2018,223.1,259.75,1958.31,351.27,471.96,47.28,146.39,114.1,108.74,272.72
07-09-2018,221.3,260.87,1952.07,349.28,471.44,47.05,145.45,114.32,108.21,271.86
10-09-2018,218.33,265.37,1939.01,341.86,473.75,47.07,145.65,113.71,109.38,274.73
11-09-2018,223.85,267.0,1987.15,345.25,471.13,47.03,146.49,114.43,111.24,272.8
12-09-2018,221.07,267.79,1990.0,353.41,470.01,46.89,146.57,113.08,111.71,268.2
13-09-2018,226.41,268.52,1989.87,355.46,468.98,47.24,148.95,113.52,112.91,271.34
14-09-2018,223.84,274.69,1970.19,359.8,476.06,47.4,148.33,113.5,113.37,276.43
17-09-2018,217.88,268.25,1908.03,355.96,470.9,47.11,147.94,113.84,112.14,273.93
18-09-2018,218.24,270.79,1941.05,363.58,472.2,47.46,148.56,114.3,113.21,271.02
19-09-2018,218.37,264.88,1926.42,365.22,483.54,47.28,149.06,117.62,111.7,271.98
20-09-2018,220.03,266.34,1944.3,367.46,487.14,47.73,151.15,118.63,113.57,266.28
21-09-2018,217.66,260.88,1915.01,372.23,487.61,48.56,151.35,117.85,114.26,263.45
24-09-2018,220.79,264.09,1934.36,367.99,482.07,48.44,150.03,116.72,114.67,265.7
25-09-2018,222.19,267.84,1974.55,367.23,479.09,48.47,148.91,116.39,114.45,268.41
26-09-2018,220.42,268.47,1974.85,365.03,474.83,48.41,151.61,115.02,113.98,266.92
27-09-2018,224.95,269.91,2012.98,367.39,477.89,48.33,151.5,114.52,114.41,267.4
28-09-2018,225.74,269.95,2003.0,371.9,471.33,48.65,151.21,112.84,114.37,281.02
01-10-2018,227.26,275.49,2004.36,382.29,473.47,48.87,153.0,113.5,115.61,289.36
02-10-2018,229.28,272.0,1971.31,386.37,477.21,49.01,153.75,113.97,115.15,286.48
03-10-2018,232.07,270.51,1952.76,392.3,474.37,49.14,153.22,115.04,115.17,286.73
04-10-2018,227.99,263.71,1909.42,389.99,474.15,48.38,151.31,115.27,112.79,279.29
05-10-2018,224.29,263.22,1889.65,386.47,470.86,48.13,149.03,114.62,112.13,269.86
08-10-2018,223.77,254.69,1864.42,385.77,471.46,47.52,148.39,115.32,110.85,265.77
09-10-2018,226.87,254.16,1870.32,385.44,459.71,47.49,147.24,114.52,112.26,265.54
10-10-2018,216.36,237.91,1755.25,367.47,426.76,45.63,142.69,111.47,106.16,245.69
11-10-2018,214.45,238.59,1719.36,358.11,417.68,44.12,139.02,108.13,105.91,235.13
12-10-2018,222.11,248.87,1788.61,360.11,427.7,45.71,140.85,106.95,109.57,246.54
15-10-2018,217.36,238.01,1760.95,358.88,426.94,44.67,141.13,106.34,107.6,235.38
16-10-2018,222.15,260.67,1819.96,368.25,408.0,45.82,145.12,108.62,111.0,245.83
17-10-2018,221.19,258.91,1831.73,365.5,411.85,45.94,134.05,109.83,110.71,243.06
18-10-2018,216.02,250.35,1770.72,359.35,399.87,45.46,130.55,108.09,108.5,239.53
19-10-2018,219.31,245.03,1764.03,356.26,401.65,45.34,129.1,107.91,108.66,229.17
22-10-2018,220.65,251.06,1789.3,355.98,392.36,45.76,130.02,106.36,109.63,231.22
23-10-2018,222.73,251.76,1768.7,350.05,387.49,45.42,131.21,105.25,108.1,221.06
24-10-2018,215.09,238.44,1664.2,354.65,378.66,44.07,127.21,103.29,102.32,199.41
25-10-2018,219.8,252.92,1782.17,363.77,391.96,45.47,126.45,104.86,108.3,207.84
26-10-2018,216.3,245.8,1642.81,359.27,386.93,44.25,124.79,103.42,106.96,198.29
29-10-2018,212.24,239.75,1538.88,335.59,390.65,43.84,119.64,104.85,103.85,185.62
30-10-2018,213.3,238.41,1530.42,349.91,403.83,44.58,115.4,106.7,103.73,203.0
31-10-2018,218.86,245.76,1598.01,354.86,411.42,45.75,115.43,109.02,106.81,210.83
01-11-2018,222.22,245.28,1665.53,363.07,412.99,45.65,116.83,108.98,105.92,218.11
02-11-2018,207.48,239.64,1665.53,357.75,409.76,45.48,115.67,108.38,106.16,214.92
05-11-2018,201.59,239.89,1627.8,361.98,411.0,46.14,120.06,109.09,107.51,211.77
06-11-2018,203.77,240.56,1642.81,366.47,413.43,46.5,123.12,109.6,107.72,211.06
07-11-2018,209.95,253.43,1755.49,372.02,424.73,47.9,124.84,111.48,111.96,213.79
08-11-2018,208.49,249.96,1754.91,370.77,421.39,48.44,123.38,112.38,111.75,205.99
09-11-2018,204.47,244.84,1712.43,369.34,413.95,47.11,123.54,111.29,109.57,205.67
12-11-2018,194.17,236.67,1636.85,357.03,405.42,45.62,120.9,108.95,106.87,189.54
13-11-2018,192.23,238.74,1631.17,349.51,407.31,45.12,120.84,109.59,106.94,199.31
14-11-2018,186.8,235.22,1599.01,344.72,401.98,44.33,120.2,107.33,104.97,197.19
15-11-2018,191.41,239.95,1619.44,341.57,406.88,46.77,121.44,110.07,107.28,202.39
16-11-2018,193.53,238.89,1593.41,335.95,411.0,46.35,121.57,109.99,108.29,164.43
19-11-2018,185.86,219.69,1512.29,320.94,407.78,45.75,120.31,110.83,104.62,144.7
20-11-2018,176.98,219.73,1495.46,317.7,402.92,44.49,117.2,108.45,101.71,149.08
21-11-2018,176.78,225.98,1516.73,317.32,407.62,44.89,118.57,107.64,103.11,144.71
22-11-2018,176.78,225.98,1516.73,317.32,407.62,44.89,118.57,107.64,103.11,144.71
23-11-2018,172.29,225.56,1502.06,312.32,406.61,44.54,117.19,106.65,103.07,145.0
26-11-2018,174.62,231.96,1581.33,316.36,418.49,45.57,119.56,109.26,106.47,153.05
27-11-2018,174.24,232.25,1581.42,318.03,417.16,46.12,120.03,109.72,107.14,153.73
28-11-2018,180.94,249.21,1677.75,333.5,427.27,47.29,123.0,110.94,111.12,160.07
29-11-2018,179.55,249.09,1673.57,342.56,422.94,47.34,121.48,110.06,110.19,157.36
30-11-2018,178.58,250.89,1690.17,346.76,428.01,47.87,124.27,111.19,110.89,163.43
03-12-2018,184.82,255.26,1772.36,359.96,434.87,48.74,125.31,112.24,112.09,170.04
04-12-2018,176.69,245.82,1668.4,342.5,408.75,47.35,121.6,107.23,108.52,157.11
05-12-2018,176.69,245.82,1668.4,342.5,408.75,47.35,121.6,107.23,108.52,157.11
06-12-2018,174.72,250.63,1699.19,331.9,400.23,48.39,123.91,105.19,109.19,158.29
07-12-2018,168.49,238.0,1629.13,323.22,393.1,46.44,119.34,103.29,104.82,147.61
10-12-2018,169.6,244.09,1641.03,326.35,393.26,46.86,121.13,101.36,107.59,151.86
11-12-2018,168.63,245.34,1643.24,322.03,385.66,47.09,120.89,100.37,108.59,148.19
12-12-2018,169.1,245.55,1663.54,326.69,390.07,47.42,121.16,101.02,109.08,148.9
13-12-2018,170.95,248.08,1658.38,325.47,387.27,47.47,120.73,101.12,109.45,148.89
